use librarydb;

-- region BookDetails

-- BookDetails für das Buch "Das Kapital" 
INSERT INTO BOOK_DETAILS (BOOK_DETAIL_ID, TOTAL_COPIES, BORROWED_COPIES, AVAILABLE_COPIES) VALUES (1, 10, 2, 8);
-- BookDetails für das Buch "1984" 
INSERT INTO BOOK_DETAILS (BOOK_DETAIL_ID, TOTAL_COPIES, BORROWED_COPIES, AVAILABLE_COPIES) VALUES (2, 15, 5, 10);
-- BookDetails für das Buch "Einführung in die Programmierung" 
INSERT INTO BOOK_DETAILS (BOOK_DETAIL_ID, TOTAL_COPIES, BORROWED_COPIES, AVAILABLE_COPIES) VALUES (3, 20, 7, 13);
-- BookDetails für die Biografie "Die Biografie von Albert Einstein" 
INSERT INTO BOOK_DETAILS (BOOK_DETAIL_ID, TOTAL_COPIES, BORROWED_COPIES, AVAILABLE_COPIES) VALUES (4, 12, 4, 8);
-- BookDetails für das Buch "Der Marsianer" 
INSERT INTO BOOK_DETAILS (BOOK_DETAIL_ID, TOTAL_COPIES, BORROWED_COPIES, AVAILABLE_COPIES) VALUES (5, 10, 3, 7);
-- BookDetails für das Buch "Harry Potter und der Stein der Weisen" 
INSERT INTO BOOK_DETAILS (BOOK_DETAIL_ID, TOTAL_COPIES, BORROWED_COPIES, AVAILABLE_COPIES) VALUES (6, 25, 10, 15);
-- BookDetails für das Buch "Der Hund von Baskerville" 
INSERT INTO BOOK_DETAILS (BOOK_DETAIL_ID, TOTAL_COPIES, BORROWED_COPIES, AVAILABLE_COPIES) VALUES (7, 8, 2, 6);

-- endregion

-- region Persons

INSERT INTO PERSONS (PERSON_ID, FIRST_NAME, LAST_NAME, DATE_OF_BIRTH) VALUES (1, 'Johann', 'Wolfgang', '1756-01-27'); 
INSERT INTO PERSONS (PERSON_ID, FIRST_NAME, LAST_NAME, DATE_OF_BIRTH) VALUES (2, 'Jane', 'Austen', '1775-12-16'); 
INSERT INTO PERSONS (PERSON_ID, FIRST_NAME, LAST_NAME, DATE_OF_BIRTH) VALUES (3, 'Agatha', 'Christie', '1890-09-15'); 
INSERT INTO PERSONS (PERSON_ID, FIRST_NAME, LAST_NAME, DATE_OF_BIRTH) VALUES (4, 'George', 'Orwell', '1903-06-25'); 
INSERT INTO PERSONS (PERSON_ID, FIRST_NAME, LAST_NAME, DATE_OF_BIRTH) VALUES (5, 'Isaac', 'Asimov', '1920-01-02');

INSERT INTO PERSONS (PERSON_ID, FIRST_NAME, LAST_NAME, DATE_OF_BIRTH) VALUES (6, 'Max', 'Mustermann', '1990-01-15'); 
INSERT INTO PERSONS (PERSON_ID, FIRST_NAME, LAST_NAME, DATE_OF_BIRTH) VALUES (7, 'Erika', 'Musterfrau', '1992-03-22'); 
INSERT INTO PERSONS (PERSON_ID, FIRST_NAME, LAST_NAME, DATE_OF_BIRTH) VALUES (8, 'Hans', 'Meier', '1985-11-30'); 
INSERT INTO PERSONS (PERSON_ID, FIRST_NAME, LAST_NAME, DATE_OF_BIRTH) VALUES (9, 'Anna', 'Schmidt', '1988-07-12'); 
INSERT INTO PERSONS (PERSON_ID, FIRST_NAME, LAST_NAME, DATE_OF_BIRTH) VALUES (10, 'Peter', 'Müller', '1995-09-05');

INSERT INTO PERSONS (PERSON_ID, FIRST_NAME, LAST_NAME, DATE_OF_BIRTH) VALUES (11, 'Karl', 'Klein', '1980-02-20'); 
INSERT INTO PERSONS (PERSON_ID, FIRST_NAME, LAST_NAME, DATE_OF_BIRTH) VALUES (12, 'Laura', 'Lange', '1978-05-11'); 
INSERT INTO PERSONS (PERSON_ID, FIRST_NAME, LAST_NAME, DATE_OF_BIRTH) VALUES (13, 'Tom', 'Hansen', '1982-12-01'); 
INSERT INTO PERSONS (PERSON_ID, FIRST_NAME, LAST_NAME, DATE_OF_BIRTH) VALUES (14, 'Lisa', 'Schneider', '1985-03-30'); 
INSERT INTO PERSONS (PERSON_ID, FIRST_NAME, LAST_NAME, DATE_OF_BIRTH) VALUES (15, 'Nina', 'Fischer', '1990-06-16');

INSERT INTO AUTHORS (PERSON_ID, BIOGRAPHY) VALUES (1, 'Komponist und Pianist.'); 
INSERT INTO AUTHORS (PERSON_ID, BIOGRAPHY) VALUES (2, 'Berühmte britische Romanautorin.'); 
INSERT INTO AUTHORS (PERSON_ID, BIOGRAPHY) VALUES (3, 'Meisterin des Krimis.'); 
INSERT INTO AUTHORS (PERSON_ID, BIOGRAPHY) VALUES (4, 'Autor von politischen Romanen.'); 
INSERT INTO AUTHORS (PERSON_ID, BIOGRAPHY) VALUES (5, 'Berühmter Science-Fiction-Autor.');

INSERT INTO CUSTOMERS (PERSON_ID, MEMBERSHIP_ID) VALUES (6, '2020-05-01'); 
INSERT INTO CUSTOMERS (PERSON_ID, MEMBERSHIP_ID) VALUES (7, '2021-08-15'); 
INSERT INTO CUSTOMERS (PERSON_ID, MEMBERSHIP_ID) VALUES (8, '2019-11-10'); 
INSERT INTO CUSTOMERS (PERSON_ID, MEMBERSHIP_ID) VALUES (9, '2022-01-18'); 
INSERT INTO CUSTOMERS (PERSON_ID, MEMBERSHIP_ID) VALUES (10, '2023-03-25');

INSERT INTO LIBRARIANS (PERSON_ID, EMPLOYEE_ID) VALUES (11, 'LIB001'); 
INSERT INTO LIBRARIANS (PERSON_ID, EMPLOYEE_ID) VALUES (12, 'LIB002'); 
INSERT INTO LIBRARIANS (PERSON_ID, EMPLOYEE_ID) VALUES (13, 'LIB003'); 
INSERT INTO LIBRARIANS (PERSON_ID, EMPLOYEE_ID) VALUES (14, 'LIB004'); 
INSERT INTO LIBRARIANS (PERSON_ID, EMPLOYEE_ID) VALUES (15, 'LIB005');

-- endregion

-- region Books

-- Bücher von existierende Autoren 
-- Bücher von Karl Marx 
INSERT INTO BOOKS (BOOK_ID, TITLE, ISBN, PUBLISHED_DATE, TYPE, BOOK_DETAIL_ID, AUTHOR_ID) VALUES (1, 'Das Kapital', '978-3-16-148410-0', '1867-09-14', 'NonFiction', 1, 1); 
-- Bücher von George Orwell 
INSERT INTO BOOKS (BOOK_ID, TITLE, ISBN, PUBLISHED_DATE, TYPE, BOOK_DETAIL_ID, AUTHOR_ID) VALUES (2, '1984', '978-0-452-28423-4', '1949-06-08', 'Novel', 2, 2); 
-- Bücher von John Doe 
INSERT INTO BOOKS (BOOK_ID, TITLE, ISBN, PUBLISHED_DATE, TYPE, BOOK_DETAIL_ID, AUTHOR_ID) VALUES (3, 'Einführung in die Programmierung', '978-3-16-148410-1', '2020-01-01', 'Textbook', 3, 3); 
-- Bücher von Walter Isaacson 
INSERT INTO BOOKS (BOOK_ID, TITLE, ISBN, PUBLISHED_DATE, TYPE, BOOK_DETAIL_ID, AUTHOR_ID) VALUES (4, 'Die Biografie von Albert Einstein', '978-1-59420-193-0', '2007-10-02', 'Biography', 4, 4); 
-- Bücher von Andy Weir 
INSERT INTO BOOKS (BOOK_ID, TITLE, ISBN, PUBLISHED_DATE, TYPE, BOOK_DETAIL_ID, AUTHOR_ID) VALUES (5, 'Der Marsianer', '978-3-446-23559-6', '2011-02-11', 'ScienceFiction', 5, 5); 
-- Bücher von J.K. Rowling 
INSERT INTO BOOKS (BOOK_ID, TITLE, ISBN, PUBLISHED_DATE, TYPE, BOOK_DETAIL_ID, AUTHOR_ID) VALUES (6, 'Harry Potter und der Stein der Weisen', '978-3-7459-9406-7', '1997-06-26', 'Fantasy', 6, 4); 
-- Bücher von Arthur Conan Doyle 
INSERT INTO BOOKS (BOOK_ID, TITLE, ISBN, PUBLISHED_DATE, TYPE, BOOK_DETAIL_ID, AUTHOR_ID) VALUES (7, 'Der Hund von Baskerville', '978-3-16-148410-8', '1902-04-01', 'Mystery', 7, 3);

-- endregion

-- region BookLoans

-- Beispielhafte Ausleihe-Daten in die BookLoan-Tabelle
-- Kunde leiht ein Buch aus 
INSERT INTO BOOK_LOANS_JT (CUSTOMER_ID, BOOK_ID, LOAN_DATE, DUE_DATE, LIBRARIAN_ID) VALUES (9, 1, '2024-01-10', '2024-02-10', 11);
-- Ein weiteres Beispiel mit Rückgabedaten 
INSERT INTO BOOK_LOANS_JT (CUSTOMER_ID, BOOK_ID, LOAN_DATE, DUE_DATE, LIBRARIAN_ID, RETURN_DATE, RETURN_LIBRARIAN_ID) VALUES (7, 3, '2024-02-01', '2024-02-28', 11, '2024-02-20', 13);
-- Noch eine Ausleihe ohne Rückgabedatum 
INSERT INTO BOOK_LOANS_JT (CUSTOMER_ID, BOOK_ID, LOAN_DATE, DUE_DATE, LIBRARIAN_ID) VALUES (6, 2, '2024-02-15', '2024-03-15', 11);
-- Rückgabe eines anderen Buches 
INSERT INTO BOOK_LOANS_JT (CUSTOMER_ID, BOOK_ID, LOAN_DATE, DUE_DATE, LIBRARIAN_ID, RETURN_DATE, RETURN_LIBRARIAN_ID) VALUES (9, 4, '2024-03-05', '2024-04-05', 11, '2024-03-25', 15);

-- endregion